{
  "width": 640,
  "height": 320,
  "fps": 30,
  "main": "./script/aez_bundle_main.js",
  "assets": {
    "player": {
      "type": "image",
      "width": 32,
      "height": 32,
      "path": "files/2f2f2684fcf72b481d95.png",
      "virtualPath": "image/player.png"
    },
    "shot": {
      "type": "image",
      "width": 16,
      "height": 16,
      "path": "files/509c2bdd6ceeb49065ac.png",
      "virtualPath": "image/shot.png"
    },
    "se": {
      "type": "audio",
      "path": "files/aea88cd01152840e6725",
      "systemId": "sound",
      "duration": 250,
      "virtualPath": "audio/se"
    },
    "parameterObject": {
      "type": "script",
      "path": "files/f69efd9b51d31d911da0.js",
      "global": false,
      "virtualPath": "script/parameterObject.js"
    },
    "gozyou": {
      "type": "image",
      "width": 70,
      "height": 77,
      "path": "files/a8263711f4611b202430.png",
      "virtualPath": "image/gozyou.png"
    },
    "intai": {
      "type": "image",
      "width": 80,
      "height": 76,
      "path": "files/2d87e6be0ff7b768a9d9.png",
      "virtualPath": "image/intai.png"
    },
    "inu": {
      "type": "image",
      "width": 100,
      "height": 83,
      "path": "files/e2427633ba930cefaf18.png",
      "virtualPath": "image/inu.png"
    },
    "karaoke_2": {
      "type": "image",
      "width": 80,
      "height": 57,
      "path": "files/8d316cf812eaa3fbcfec.png",
      "virtualPath": "image/karaoke_2.png"
    },
    "kiyomizu": {
      "type": "image",
      "width": 60,
      "height": 76,
      "path": "files/8017648017c4f00a5fd0.png",
      "virtualPath": "image/kiyomizu.png"
    },
    "korean": {
      "type": "image",
      "width": 80,
      "height": 67,
      "path": "files/df993845e80dd26fc1f2.png",
      "virtualPath": "image/korean.png"
    },
    "n_kou": {
      "type": "image",
      "width": 50,
      "height": 50,
      "path": "files/012c681f6ad027e1a399.png",
      "virtualPath": "image/n_kou.png"
    },
    "toomo": {
      "type": "image",
      "width": 75,
      "height": 75,
      "path": "files/177cf974197fb1feea80.png",
      "virtualPath": "image/toomo.png"
    },
    "result": {
      "type": "image",
      "width": 640,
      "height": 320,
      "path": "files/e24e1a80b1f63dd7d42f.png",
      "virtualPath": "image/result.png"
    },
    "title": {
      "type": "image",
      "width": 640,
      "height": 320,
      "path": "files/6a2fc763d1ca590c49f9.png",
      "virtualPath": "image/title.png"
    },
    "doutei_toomo": {
      "type": "image",
      "width": 80,
      "height": 44,
      "path": "files/3547fe1b52866423e582.png",
      "virtualPath": "image/doutei_toomo.png"
    },
    "doumo_toomo": {
      "type": "audio",
      "path": "files/75f3560b0e6ef004e59c",
      "systemId": "sound",
      "duration": 1045,
      "virtualPath": "audio/doumo_toomo"
    },
    "gogo_no_zyugyou": {
      "type": "audio",
      "path": "files/a67f10472db0ff98d7c3",
      "systemId": "sound",
      "duration": 1742,
      "virtualPath": "audio/gogo_no_zyugyou"
    },
    "hattastu_syougai": {
      "type": "audio",
      "path": "files/9fd9bb73a5d430dc0784",
      "systemId": "sound",
      "duration": 2044,
      "virtualPath": "audio/hattastu_syougai"
    },
    "karaoke_ikuka": {
      "type": "audio",
      "path": "files/aa0f823e18e47e5b49ee",
      "systemId": "sound",
      "duration": 1672,
      "virtualPath": "audio/karaoke_ikuka"
    },
    "katsudon_channel": {
      "type": "audio",
      "path": "files/fd0d1a2d0990f8d735ec",
      "systemId": "sound",
      "duration": 3158,
      "virtualPath": "audio/katsudon_channel"
    },
    "korean_sound": {
      "type": "audio",
      "path": "files/20b2a361ca0302d169ee",
      "systemId": "sound",
      "duration": 3785,
      "virtualPath": "audio/korean_sound"
    },
    "n_kou_taigaku": {
      "type": "audio",
      "path": "files/a5f70a82a4acd7e8598d",
      "systemId": "sound",
      "duration": 2740,
      "virtualPath": "audio/n_kou_taigaku"
    },
    "san_ryuunen": {
      "type": "audio",
      "path": "files/35949bf65fffa555b6ee",
      "systemId": "sound",
      "duration": 2601,
      "virtualPath": "audio/san_ryuunen"
    },
    "teacher_block": {
      "type": "audio",
      "path": "files/0fa78d68f2f84ac5effd",
      "systemId": "sound",
      "duration": 4110,
      "virtualPath": "audio/teacher_block"
    },
    "rotate": {
      "type": "image",
      "width": 100,
      "height": 94,
      "path": "files/f9f319d5a4d932877211.png",
      "virtualPath": "image/rotate.png"
    },
    "aez_bundle_main": {
      "type": "script",
      "global": true,
      "path": "files/f086925699839f7a9594.js",
      "virtualPath": "script/aez_bundle_main.js"
    }
  },
  "environment": {
    "sandbox-runtime": "2",
    "niconico": {
      "supportedModes": [
        "ranking"
      ]
    },
    "external": {
      "send": "0"
    },
    "akashic-runtime": {
      "version": "~2.1.33",
      "flavor": "-canvas"
    }
  },
  "globalScripts": [],
  "moduleMainScripts": {
    "@akashic-extension/akashic-box2d": "node_modules/@akashic-extension/akashic-box2d/lib/index.js",
    "box2dweb": "node_modules/box2dweb/box2d.js",
    "@akashic-extension/akashic-label": "node_modules/@akashic-extension/akashic-label/lib/index.js"
  },
  "exportZipInfo": {
    "version": "0.4.7",
    "option": {
      "force": true,
      "strip": true,
      "minify": false,
      "bundle": true,
      "babel": true,
      "omitEmptyJs": true
    }
  }
}